[
  {
    "id": 1768572754193,
    "username": "rafi",
    "password": "Shaik123",
    "email": "rafi630297@gmail.com",
    "createdAt": "2026-01-16T14:12:34.193Z"
  },
  {
    "id": 1768974509472,
    "username": "spyder",
    "password": "Rafi@77",
    "email": "spyder6302@gmail.com",
    "createdAt": "2026-01-21T05:48:29.472Z"
  },
  {
    "id": 1769920167027,
    "username": "spye",
    "password": "4585",
    "email": "sweetkiller281@gmail.com",
    "createdAt": "2026-02-01T04:29:27.027Z"
  }
]